seq	buffer	barcode	target	name
TATTTAGCGGCGGTTAGAAGCACTAAATCGGAACCCTAAAG	TATTTAGCGG	CGGTTAGA	AGCACTAAATCGGAACCCTAAAG	PacBioBarFwd-0
TATTTAGCGGCCCTCTTTAGCACTAAATCGGAACCCTAAAG	TATTTAGCGG	CCCTCTTT	AGCACTAAATCGGAACCCTAAAG	PacBioBarFwd-1
TATTTAGCGGCGTTTCTGAGCACTAAATCGGAACCCTAAAG	TATTTAGCGG	CGTTTCTG	AGCACTAAATCGGAACCCTAAAG	PacBioBarFwd-2
TATTTAGCGGATGGATCGAGCACTAAATCGGAACCCTAAAG	TATTTAGCGG	ATGGATCG	AGCACTAAATCGGAACCCTAAAG	PacBioBarFwd-3
TATTTAGCGGGGTAACACAGCACTAAATCGGAACCCTAAAG	TATTTAGCGG	GGTAACAC	AGCACTAAATCGGAACCCTAAAG	PacBioBarFwd-4
TATTTAGCGGCAAGCAGAAGCACTAAATCGGAACCCTAAAG	TATTTAGCGG	CAAGCAGA	AGCACTAAATCGGAACCCTAAAG	PacBioBarFwd-5
TATTTAGCGGACCTCAGTAGCACTAAATCGGAACCCTAAAG	TATTTAGCGG	ACCTCAGT	AGCACTAAATCGGAACCCTAAAG	PacBioBarFwd-6
TATTTAGCGGTTGGCGAAAGCACTAAATCGGAACCCTAAAG	TATTTAGCGG	TTGGCGAA	AGCACTAAATCGGAACCCTAAAG	PacBioBarFwd-7
TATTTAGCGGCCATGATGAGCACTAAATCGGAACCCTAAAG	TATTTAGCGG	CCATGATG	AGCACTAAATCGGAACCCTAAAG	PacBioBarFwd-8
TATTTAGCGGCAAGTCTCAGCACTAAATCGGAACCCTAAAG	TATTTAGCGG	CAAGTCTC	AGCACTAAATCGGAACCCTAAAG	PacBioBarFwd-9
TATTTAGCGGCGCGAAATAGCACTAAATCGGAACCCTAAAG	TATTTAGCGG	CGCGAAAT	AGCACTAAATCGGAACCCTAAAG	PacBioBarFwd-10
TATTTAGCGGCAAGCCAAAGCACTAAATCGGAACCCTAAAG	TATTTAGCGG	CAAGCCAA	AGCACTAAATCGGAACCCTAAAG	PacBioBarFwd-11
TATTTAGCGGGCCGTATAAGCACTAAATCGGAACCCTAAAG	TATTTAGCGG	GCCGTATA	AGCACTAAATCGGAACCCTAAAG	PacBioBarFwd-12
TATTTAGCGGTAGGTCTCAGCACTAAATCGGAACCCTAAAG	TATTTAGCGG	TAGGTCTC	AGCACTAAATCGGAACCCTAAAG	PacBioBarFwd-13
TATTTAGCGGGGTTGAGAAGCACTAAATCGGAACCCTAAAG	TATTTAGCGG	GGTTGAGA	AGCACTAAATCGGAACCCTAAAG	PacBioBarFwd-14
TATTTAGCGGATTGAGCCAGCACTAAATCGGAACCCTAAAG	TATTTAGCGG	ATTGAGCC	AGCACTAAATCGGAACCCTAAAG	PacBioBarFwd-15
TATTTAGCGGTCTTTGGCAGCACTAAATCGGAACCCTAAAG	TATTTAGCGG	TCTTTGGC	AGCACTAAATCGGAACCCTAAAG	PacBioBarFwd-16
TATTTAGCGGTATGGGGAAGCACTAAATCGGAACCCTAAAG	TATTTAGCGG	TATGGGGA	AGCACTAAATCGGAACCCTAAAG	PacBioBarFwd-17
TATTTAGCGGTACGCAAGAGCACTAAATCGGAACCCTAAAG	TATTTAGCGG	TACGCAAG	AGCACTAAATCGGAACCCTAAAG	PacBioBarFwd-18
TATTTAGCGGCCTCTCAAAGCACTAAATCGGAACCCTAAAG	TATTTAGCGG	CCTCTCAA	AGCACTAAATCGGAACCCTAAAG	PacBioBarFwd-19
TATTTAGCGGACAGTCGAAGCACTAAATCGGAACCCTAAAG	TATTTAGCGG	ACAGTCGA	AGCACTAAATCGGAACCCTAAAG	PacBioBarFwd-20
TATTTAGCGGCAATGCTCAGCACTAAATCGGAACCCTAAAG	TATTTAGCGG	CAATGCTC	AGCACTAAATCGGAACCCTAAAG	PacBioBarFwd-21
TATTTAGCGGTTATCCCGAGCACTAAATCGGAACCCTAAAG	TATTTAGCGG	TTATCCCG	AGCACTAAATCGGAACCCTAAAG	PacBioBarFwd-22
TATTTAGCGGCGTCAATCAGCACTAAATCGGAACCCTAAAG	TATTTAGCGG	CGTCAATC	AGCACTAAATCGGAACCCTAAAG	PacBioBarFwd-23
TATTTAGCGGCACCTATGAGCACTAAATCGGAACCCTAAAG	TATTTAGCGG	CACCTATG	AGCACTAAATCGGAACCCTAAAG	PacBioBarFwd-24
TATTTAGCGGACGGAACAAGCACTAAATCGGAACCCTAAAG	TATTTAGCGG	ACGGAACA	AGCACTAAATCGGAACCCTAAAG	PacBioBarFwd-25
TATTTAGCGGCTTGGCTTAGCACTAAATCGGAACCCTAAAG	TATTTAGCGG	CTTGGCTT	AGCACTAAATCGGAACCCTAAAG	PacBioBarFwd-26
TATTTAGCGGATTGCTGGAGCACTAAATCGGAACCCTAAAG	TATTTAGCGG	ATTGCTGG	AGCACTAAATCGGAACCCTAAAG	PacBioBarFwd-27
TATTTAGCGGTGGTAACCAGCACTAAATCGGAACCCTAAAG	TATTTAGCGG	TGGTAACC	AGCACTAAATCGGAACCCTAAAG	PacBioBarFwd-28
TATTTAGCGGAGACACTCAGCACTAAATCGGAACCCTAAAG	TATTTAGCGG	AGACACTC	AGCACTAAATCGGAACCCTAAAG	PacBioBarFwd-29
